"Global Muckraking: Investigative Journalism and Global Media","https://www.edx.org/course/global-muckraking-investigative-columbiax-gm1x","ColumbiaX","https://www.edx.org/node/24611","0","0","0",
"Adaptive Leadership in Development","https://www.edx.org/course/adaptive-leadership-development-uqx-lgdm3x","UQx","https://www.edx.org/node/25901","0","1","0",
"Drinking Water Treatment","https://www.edx.org/course/drinking-water-treatment-delftx-ctb3365dwx-0","DelftX","https://www.edx.org/node/29021","0","10","0",
"Circular Economy: An Introduction","https://www.edx.org/course/circular-economy-introduction-delftx-circularx-2","DelftX","https://www.edx.org/node/29141","0","2","0",
"Cyber Security Basics: A Hands-on Approach","https://www.edx.org/course/cyber-security-basics-hands-approach-uc3mx-inf-2x","UC3Mx","https://www.edx.org/node/28506","0","2","64",
"From Poverty to Prosperity: Understanding Economic Development","https://www.edx.org/course/poverty-prosperity-understanding-oxfordx-oxbsg01x","OxfordX","https://www.edx.org/node/28081","0","1732","174",
"Dinosaur Ecosystems","https://www.edx.org/course/dinosaur-ecosystems-hkux-dinox","HKUx","https://www.edx.org/node/26971","0","82","0",
"The Practitioner’s Guide to Global Health","https://www.edx.org/course/practitioners-guide-global-health-bux-globalhealthx","BUx","https://www.edx.org/node/29776","0","0","0",
"How to Write a Novel: Structure & Outline","https://www.edx.org/course/how-write-novel-structure-outline-ubcx-cw1-1x-0","UBCx","https://www.edx.org/node/28351","0","20","0",
"Top 10 Social Issues for the President’s First 100 Days","https://www.edx.org/course/top-10-social-issues-presidents-first-pennx-top10x","PennX","https://www.edx.org/node/28231","0","302","10",
"Communication Skills for Bridging Divides","https://www.edx.org/course/communication-skills-bridging-divides-catalystx-ildiv1x","CatalystX","https://www.edx.org/node/29261","0","12","2",
"Supply Chain Technology and Systems","https://www.edx.org/course/supply-chain-technology-systems-mitx-ctl-sc4x","MITx","https://www.edx.org/node/19771","0","8","2",
"Supply Chain Dynamics","https://www.edx.org/course/supply-chain-dynamics-mitx-ctl-sc3x-0","MITx","https://www.edx.org/node/25956","0","2","0",
"Supply Chain Design","https://www.edx.org/course/supply-chain-design-mitx-ctl-sc2x-0","MITx","https://www.edx.org/node/23346","0","50","20",
"Supply Chain Fundamentals","https://www.edx.org/course/supply-chain-fundamentals-mitx-ctl-sc1x-0","MITx","https://www.edx.org/node/23341","0","362","308",
"Entrepreneurship 101: Who is Your Customer?","https://www.edx.org/course/entrepreneurship-101-who-customer-mitx-bootcamp1","MITx","https://www.edx.org/node/28876","0","0","0",
"Introduction à l'astrophysique","https://www.edx.org/course/introduction-lastrophysique-epflx-phys-209x-0","EPFLx","https://www.edx.org/node/29741","0","1","0",
"Introduction à l’économétrie","https://www.edx.org/course/introduction-leconometrie-louvainx-louv14x","LouvainX","https://www.edx.org/node/25526","0","13","0",
"Creative Problem Solving and Decision Making","https://www.edx.org/course/creative-problem-solving-decision-making-delftx-tpm1x-0","DelftX","https://www.edx.org/node/22011","0","101","22",
"People Management for Entrepreneurs","https://www.edx.org/course/people-management-entrepreneurs-iimbx-hr102x","IIMBx","https://www.edx.org/node/25796","0","0","0",
"Cybersecurity Capstone","https://www.edx.org/course/cybersecurity-capstone-ritx-cyber525x","RITx","https://www.edx.org/node/28401","0","0","0",
"Network Security","https://www.edx.org/course/network-security-ritx-cyber504x","RITx","https://www.edx.org/node/28441","0","5","5",
"Cybersecurity Risk Management","https://www.edx.org/course/cybersecurity-risk-management-ritx-cyber503x","RITx","https://www.edx.org/node/28436","0","2","0",
"Computer Forensics","https://www.edx.org/course/computer-forensics-ritx-cyber502x","RITx","https://www.edx.org/node/28426","0","2","0",
"Cybersecurity Fundamentals","https://www.edx.org/course/cybersecurity-fundamentals-ritx-cyber501x","RITx","https://www.edx.org/node/28416","0","16","116",
"International Project Management","https://www.edx.org/course/international-project-management-ritx-pm9003x","RITx","https://www.edx.org/node/26171","0","4","0",
"Best Practices for Project Management Success","https://www.edx.org/course/best-practices-project-management-ritx-pm9002x","RITx","https://www.edx.org/node/26161","0","1","0",
"Project Management Life Cycle","https://www.edx.org/course/project-management-life-cycle-ritx-pm9001x","RITx","https://www.edx.org/node/26156","0","310","439",
"Processing Big Data with Hadoop in Azure HDInsight","https://www.edx.org/course/processing-big-data-hadoop-azure-microsoft-dat202-1x-0","Microsoft","https://www.edx.org/node/29326","0","0","0",
"Designing and Running Randomized Evaluations","https://www.edx.org/course/designing-running-randomized-evaluations-mitx-jpal102x","MITx","https://www.edx.org/node/28661","0","7","0",
"Foundations of Development Policy: Advanced Development Economics","https://www.edx.org/course/foundations-development-policy-advanced-mitx-14-740x-0","MITx","https://www.edx.org/node/28656","0","56","0",
"Data Analysis for Social Scientists","https://www.edx.org/course/data-analysis-social-scientists-mitx-14-310x-0","MITx","https://www.edx.org/node/28646","0","55","0",
"Microeconomics","https://www.edx.org/course/microeconomics-mitx-14-100x-0","MITx","https://www.edx.org/node/28641","0","414","0",
"The Challenges of Global Poverty","https://www.edx.org/course/challenges-global-poverty-mitx-14-73x-4","MITx","https://www.edx.org/node/28651","0","231","1",
"Framing: How Politicians Debate","https://www.edx.org/course/framing-how-politicians-debate-delftx-frame101x","DelftX","https://www.edx.org/node/16481","0","341","16",
"Making Government Work in Hard Places","https://www.edx.org/course/making-government-work-hard-places-princetonx-mgwx-0","PrincetonX","https://www.edx.org/node/29536","0","2","0",
"What Now? Emerging Technologies and Their Practical Application in K12 Teaching and Learning.","https://www.edx.org/course/what-now-emerging-technologies-practical-utarlingtonx-edtech101x-0","UTArlingtonX","https://www.edx.org/node/27711","0","13","0",
"Innovating Instruction: Reimagining Teaching with Technology","https://www.edx.org/course/innovating-instruction-reimagining-columbiax-innovate1x","ColumbiaX","https://www.edx.org/node/29436","0","0","0",
"Study Abroad USA: Building Capacity for US Institutions","https://www.edx.org/course/study-abroad-usa-building-capacity-us-asux-gbl500x","ASUx","https://www.edx.org/node/23106","0","63","4",
"Digital Branding and Engagement","https://www.edx.org/course/digital-branding-engagement-curtinx-mkt1x-2","CurtinX","https://www.edx.org/node/27371","0","12","0",
"Urban Design for the Public Good: Dutch Urbanism","https://www.edx.org/course/urban-design-public-good-dutch-urbanism-delftx-urbanismx","DelftX","https://www.edx.org/node/29621","0","0","2",
"Robotics","https://www.edx.org/course/robotics-columbiax-csmm-103x","ColumbiaX","https://www.edx.org/node/25826","0","21","0",
"Animation and CGI Motion","https://www.edx.org/course/animation-cgi-motion-columbiax-csmm-104x","ColumbiaX","https://www.edx.org/node/25836","0","17","17",
"Machine Learning","https://www.edx.org/course/machine-learning-columbiax-csmm-102x","ColumbiaX","https://www.edx.org/node/25816","0","50","2",
"Artificial Intelligence (AI)","https://www.edx.org/course/artificial-intelligence-ai-columbiax-csmm-101x","ColumbiaX","https://www.edx.org/node/25811","0","1163","218",
"The Opioid Crisis in America","https://www.edx.org/course/opioid-crisis-america-harvardx-hhp100","HarvardX","https://www.edx.org/node/28371","0","49","0",
"Data Visualization for All","https://www.edx.org/course/data-visualization-all-trinityx-t005x","TrinityX","https://www.edx.org/node/29771","0","15","0",
"Interpreting and Communicating Data Insights in Business","https://www.edx.org/course/interpreting-communicating-data-insights-microsoft-dat212x-1","Microsoft","https://www.edx.org/node/30031","0","0","0",
"Introduction to Xamarin.Forms","https://www.edx.org/course/introduction-xamarin-forms-microsoft-dev215x-0","Microsoft","https://www.edx.org/node/30026","0","1","0",
"Delivering a Relational Data Warehouse","https://www.edx.org/course/delivering-relational-data-warehouse-microsoft-dat216x-1","Microsoft","https://www.edx.org/node/30021","0","1","0",
"Philosophy and Critical Thinking","https://www.edx.org/course/philosophy-critical-thinking-uqx-meta101x-1","UQx","https://www.edx.org/node/29901","0","0","0",
"Space Mission Design and Operations","https://www.edx.org/course/space-mission-design-operations-epflx-ee585x-0","EPFLx","https://www.edx.org/node/29881","0","17","0",
"Supply Chain Management: A Decision-Making Framework","https://www.edx.org/course/supply-chain-management-decision-making-louvainx-louv13x","LouvainX","https://www.edx.org/node/29076","0","0","0",
"Food Security and Sustainability: Food Access","https://www.edx.org/course/food-security-sustainability-food-access-wageningenx-fssfax","WageningenX","https://www.edx.org/node/27456","0","334","114",
"Financial Accounting Made Fun: Eliminating Your Fears","https://www.edx.org/course/financial-accounting-made-fun-babsonx-bpet-accx","BabsonX","https://www.edx.org/node/27816","0","6","0",
"Entrepreneurship in Emerging Economies","https://www.edx.org/course/entrepreneurship-emerging-economies-harvardx-sw47x","HarvardX","https://www.edx.org/node/29006","0","21","0",
"Impacto de la Investigación de Mercados","https://www.edx.org/course/impacto-de-la-investigacion-de-mercados-javerianax-invm1-0x","JaverianaX","https://www.edx.org/node/29251","0","0","0",
"Lo que todos deberían saber del Genoma Humano","https://www.edx.org/course/lo-que-todos-deberian-saber-del-genoma-javerianax-gen1-0x","JaverianaX","https://www.edx.org/node/29171","0","0","0",
"Ethics in Life Sciences and Healthcare: Exploring Bioethics through Manga - Part 2","https://www.edx.org/course/ethics-life-sciences-healthcare-kyotoux-006-2x","KyotoUx","https://www.edx.org/node/24516","0","10","0",
"Just Money: Banking as if Society Mattered","https://www.edx.org/course/just-money-banking-if-society-mattered-mitx-11-405x-0","MITx","https://www.edx.org/node/29811","0","7","0",
"Teaching With Technology and Inquiry: An Open Course For Teachers","https://www.edx.org/course/teaching-technology-inquiry-open-course-university-torontox-inq101x-0","University of TorontoX","https://www.edx.org/node/29676","0","24","0",
"Financing for Development: Unlocking Investment Opportunities","https://www.edx.org/course/financing-development-unlocking-wbgx-f4d01x","WBGx","https://www.edx.org/node/29161","0","0","1",
"PredictionX: John Snow and the Cholera Epidemic of 1854","https://www.edx.org/course/predictionx-john-snow-cholera-epidemic-harvardx-soc1-jsx","HarvardX","https://www.edx.org/node/22776","0","125","0",
"Biobased Processes and Implementation","https://www.edx.org/course/biobased-processes-implementation-wageningenx-bb02x","WageningenX","https://www.edx.org/node/25746","0","0","0",
"Biobased Principles and Opportunities","https://www.edx.org/course/biobased-principles-opportunities-wageningenx-bb01x","WageningenX","https://www.edx.org/node/25736","0","131","1",
"Stuff You Don’t Learn in Engineering School","https://www.edx.org/course/stuff-you-dont-learn-engineering-school-ieeex-ieeestuff-x","IEEEx","https://www.edx.org/node/28246","0","29","0",
"Business Strategy from Wharton: Competitive Advantage","https://www.edx.org/course/business-strategy-wharton-competitive-wharton-strategyx-1","Wharton","https://www.edx.org/node/29661","0","0","0",
"Rethink the City: New approaches to Global and Local Urban Challenges","https://www.edx.org/course/rethink-city-new-approaches-global-local-delftx-rtc1","DelftX","https://www.edx.org/node/29706","0","110","3",
"Sensing Planet Earth – From Core to Outer Space","https://www.edx.org/course/sensing-planet-earth-core-outer-space-chalmersx-chm003x-0","ChalmersX","https://www.edx.org/node/29136","0","28","22",
"Electronique II","https://www.edx.org/course/electronique-ii-epflx-electroni2x","EPFLx","https://www.edx.org/node/29711","0","0","0",
"Managing the Value of Customer Relationships","https://www.edx.org/course/managing-value-customer-relationships-wharton-customervaluex-0","Wharton","https://www.edx.org/node/29861","0","0","0",
"Marketing Analytics: Data Tools and Techniques","https://www.edx.org/course/marketing-analytics-data-tools-wharton-marketinganalytics101x-0","Wharton","https://www.edx.org/node/29866","0","3","0",
"Selling Ideas: How to Influence Others and Get Your Message to Catch On","https://www.edx.org/course/selling-ideas-how-influence-others-get-wharton-sellingideas101x-0","Wharton","https://www.edx.org/node/29871","0","0","0",
"The Science and Politics of the GMO","https://www.edx.org/course/science-politics-gmo-cornellx-gmo101x","CornellX","https://www.edx.org/node/29506","0","0","0",
"Découvrir le marketing","https://www.edx.org/course/decouvrir-le-marketing-louvainx-louv11x-1","LouvainX","https://www.edx.org/node/20466","0","8","0",
"AP® Spanish Language and Culture","https://www.edx.org/course/apr-spanish-language-culture-bux-spanishx-0","BUx","https://www.edx.org/node/29846","0","4","0",
"Nuevas Tendencias en los Tratados Comerciales en América Latina","https://www.edx.org/course/nuevas-tendencias-en-los-tratados-idbx-idb5x-0","IDBx","https://www.edx.org/node/29426","0","0","0",
"Developing Intelligent Apps and Bots","https://www.edx.org/course/developing-intelligent-apps-bots-microsoft-dat211x","Microsoft","https://www.edx.org/node/29296","0","1","0",
"Digital Marketing, Social Media and E-Commerce for Your Business","https://www.edx.org/course/digital-marketing-social-media-e-wharton-digitalmarketing1-1x-0","Wharton","https://www.edx.org/node/23441","0","180","280",
"Contract Law: From Trust to Promise to Contract","https://www.edx.org/course/contract-law-trust-promise-contract-harvardx-hls2x-2","HarvardX","https://www.edx.org/node/28991","0","111","10",
"Windows 10 Features for a Mobile Workforce: Managing and Maintaining Devices in the Enterprise","https://www.edx.org/course/windows-10-features-mobile-workforce-microsoft-inf205x","Microsoft","https://www.edx.org/node/26571","0","0","0",
"Windows 10 Features for a Mobile Workforce: Identity Management and Data Access","https://www.edx.org/course/windows-10-features-mobile-workforce-microsoft-inf203x-0","Microsoft","https://www.edx.org/node/26531","0","5","0",
"Implementing Predictive Solutions with Spark in Azure HDInsight","https://www.edx.org/course/implementing-predictive-solutions-spark-microsoft-dat202-3x-2","Microsoft","https://www.edx.org/node/29276","0","0","0",
"Islam Through Its Scriptures","https://www.edx.org/course/islam-through-its-scriptures-harvardx-hds-3221-4x","HarvardX","https://www.edx.org/node/18671","0","1335","10",
"First Nights: Monteverdi’s L’Orfeo and the Birth of Opera","https://www.edx.org/course/first-nights-monteverdis-lorfeo-birth-harvardx-mus24-1x","HarvardX","https://www.edx.org/node/19776","0","69","0",
"The Book: Books in the Medieval Liturgy","https://www.edx.org/course/book-books-medieval-liturgy-harvardx-hum1-9x","HarvardX","https://www.edx.org/node/11791","0","59","0",
"The Book: Monasteries, Schools, and Notaries, Part 2: Introduction to the Transitional Gothic Script","https://www.edx.org/course/book-monasteries-schools-notaries-part-2-harvardx-hum1-7x","HarvardX","https://www.edx.org/node/12201","0","14","1",
"The Book: Scrolls in the Age of the Book","https://www.edx.org/course/book-scrolls-age-book-harvardx-hum1-2x","HarvardX","https://www.edx.org/node/9431","0","74","0",
"Saving Schools, Mini-Course 3: Accountability and National Standards","https://www.edx.org/course/saving-schools-mini-course-3-harvardx-1368-3x","HarvardX","https://www.edx.org/node/14231","0","2","1",
"Saving Schools, Mini-Course 2: Teacher Policies","https://www.edx.org/course/saving-schools-mini-course-2-teacher-harvardx-1368-2x","HarvardX","https://www.edx.org/node/14236","0","16","0",
"The Book: The Medieval Book of Hours: Art and Devotion in the Later Middle Ages","https://www.edx.org/course/book-medieval-book-hours-art-devotion-harvardx-hum1-8x","HarvardX","https://www.edx.org/node/11736","0","51","0",
"The Book: Monasteries, Schools, and Notaries, Part 1: Reading the Late Medieval Marseille Archive","https://www.edx.org/course/book-monasteries-schools-notaries-part-1-harvardx-hum1-6x","HarvardX","https://www.edx.org/node/12176","0","41","0",
"The Book: Making and Meaning in the Medieval Manuscript","https://www.edx.org/course/book-making-meaning-medieval-manuscript-harvardx-hum1-1x","HarvardX","https://www.edx.org/node/12146","0","214","3",
"First Nights: Beethoven’s 9th Symphony and the 19th Century Orchestra","https://www.edx.org/course/first-nights-beethovens-9th-symphony-harvardx-mus24-3x","HarvardX","https://www.edx.org/node/17286","0","61","1",
"The Book: The History of the Book in the 17th and 18th Century Europe","https://www.edx.org/course/book-history-book-17th-18th-century-harvardx-hum1-4x","HarvardX","https://www.edx.org/node/12156","0","74","16",
"Saving Schools, Mini-Course 4: School Choice","https://www.edx.org/course/saving-schools-mini-course-4-school-harvardx-1368-4x","HarvardX","https://www.edx.org/node/14241","0","11","0",
"First Nights: Handel’s Messiah and Baroque Oratorio","https://www.edx.org/course/first-nights-handels-messiah-baroque-harvardx-mus24-2x","HarvardX","https://www.edx.org/node/13866","0","213","0",
"Early Christianity: The Letters of Paul","https://www.edx.org/course/early-christianity-letters-paul-harvardx-hds1544-1x","HarvardX","https://www.edx.org/node/927","0","454","0",
"The Book: Book Sleuthing: What 19th-Century Books Can Tell Us About the Rise of the Reading Public?","https://www.edx.org/course/book-book-sleuthing-what-19th-century-harvardx-hum1-5x","HarvardX","https://www.edx.org/node/12166","0","74","3",
"Saving Schools, Mini-Course 1: History and Politics of U.S. Education","https://www.edx.org/course/saving-schools-mini-course-1-history-harvardx-1368-1x","HarvardX","https://www.edx.org/node/14226","0","96","12",
